Peptide	Protein	PepQValue	SpecCount
AACYSSDCRVKCVAM	NTX178644;NTX178646	0.0;0.0	6
AAGAGRFDPVSAAGAGR	NTX591829;NTX591831;NTX591832	0.0050167223;0.0050167223;0.0050167223	3
ACWCEGLPAEKT	NTX262119;NTX262120	0.0;0.0	2
ACWCEGLPDDKT	NTX41956;NTX41957;NTX41959	0.0;0.0;0.0	42
ACWCIDLPDKVPIR	NTX602037;NTX602038	0.0;0.0	6
ADGPTGTLQEIR	NTX178649;NTX623208	0.009661836;0.009661836	2
ADGPTGTLQEIRKKWGA	NTX178649;NTX623208	0.0;0.0	2
ADPAKNDDVEIVDHNFFRF	NTX144303;NTX144307;NTX144311	0.0;0.0;0.0	15
AENLRYWNLITGLR	NTX334555;NTX334556	0.0;0.0	8
AFDDSKRYDQRFAF	NTX163968;NTX163969	0.0;0.0	6
AFGLGKRPDQRFSF	NTX496322	0.0	2
AFIGAVAGLLSK	NTX372159	0.0	1
AFQLPSHLDIRNPHTFEEEDL	NTX56407	0.0	1
AILTPEVNKVYE	NTX56407	0.0	5
AKNDDVEIVDHNFF	NTX144303;NTX144307;NTX144311	0.0;0.0;0.0	30
AKNDDVEIVDHNFFRF	NTX144303;NTX144307;NTX144311	0.0;0.0;0.0	30
ARNEYCNDLCTKNGAKSGYCQ	NTX49728;NTX49728;NTX49729;NTX49729	0.0;0.009661836;0.0;0.009661836	6
ARSVLDDLNNQLDNLH	NTX428770;NTX428772;NTX428775	0.0;0.0;0.0	3
ASYDFSSNDPFPYPR	NTX523065;NTX523066	0.0;0.0	6
ATGGNRTKTPGPGAQSALRALAR	NTX519666	0.0	2
ATKIIPSLFRR	NTX134676	0.0017064846	8
ATVFYPSNCREEPGTGLYPDCCNKVVCGEEE	NTX83486;NTX83487	0.0;0.0	4
AVSMDNCSRTGVCMNTCHENI	NTX213008;NTX213009	0.0;0.0	2
CEGLPDNETWKYESNTCGS	NTX41958;NTX41960	0.0;0.0	2
CGLGISCKNGYCQGCT	NTX371729;NTX371731;NTX371733;NTX483383	0.0;0.0;0.0;0.0	12
CGPCFTTDANMAR	NTX312243	0.0	38
CGPCFTTDANMARK	NTX312243	0.0	19
CGPCFTTDANMARKC	NTX312243	0.0	8
CIELPDNVPIRVPGKCH	NTX49728;NTX49729	0.0;0.0	20
CIKYSWTCKFN	NTX154016	0.0	2
CISTGVNYYCRPDFGP	NTX627879	0.0	4
CLSSGKGYYCKEDPGP	NTX366384	0.0	5
CVMCGLGISCKNGYCQGCT	NTX371729;NTX371731;NTX371733;NTX483383	0.0;0.0;0.0;0.0	8
CWCEGLPDDKT	NTX41956;NTX41957;NTX41959	0.0;0.0;0.0	36
CWCIELPDNVPIRVPGKCH	NTX49728;NTX49729	0.0;0.0	34
DCCPYGERCLSSGKGYYCKEDPGP	NTX366384	0.0	1
DDEPRECCPSVMEINEPR	NTX218921;NTX328346;NTX328347;NTX328348	0.0;0.0;0.0;0.0	12
DDIEEPFIKKN	NTX384939	0.008143323	1
DDIEEPFIKKNAY	NTX384939	0.0	5
DDIEEPFIKKS	NTX384939;NTX384947;NTX496574;NTX496576	0.0;0.0;0.0;0.0	20
DDIEEPFIKKSA	NTX384939;NTX384947;NTX496574;NTX496576	0.0;0.0;0.0;0.0	16
DDIEEPFIKKSAY	NTX384939;NTX384947;NTX496574;NTX496576	0.0;0.0;0.0;0.0	20
DDIEEPFIKKSAYVTGGRS	NTX384939;NTX384947;NTX496574;NTX496576	0.0;0.0;0.0;0.0	80
DDIEEPFIKKT	NTX384947;NTX496574;NTX496576	0.0;0.0;0.0	28
DDIEEPFIKKTA	NTX384947;NTX496574;NTX496576	0.0;0.0;0.0	24
DDIEEPFIKKTAY	NTX384947;NTX496574	0.0;0.0	14
DDIEEPFIKKTAYVTGGRS	NTX384947;NTX496574	0.0;0.0	54
DDLNKRPDQRFSF	NTX496322	0.0	1
DDSKRYDQRFAF	NTX163968;NTX163969	0.0;0.0	2
DEFNPETFFSMHD	NTX56407	0.0	2
DEGSLDCPDSDRY	NTX311050;NTX311051;NTX311052;NTX311053	0.0;0.0;0.0;0.0	16
DEIDKSGFGGFH	NTX334743;NTX334744;NTX334745	0.0;0.0;0.0	12
DEVEAILTPEVNKVYE	NTX56407	0.0	2
DGYIRGSNGCKVSCL	NTX596227	0.0	2
DHDGDDHNEELEEDVKQE	NTX565257;NTX565258;NTX565259;NTX565261	0.0;0.0;0.0;0.0	44
DIEEPFIKKNAY	NTX384939	0.0	4
DIEEPFIKKS	NTX384939;NTX384947;NTX496574;NTX496576	0.008143323;0.008143323;0.008143323;0.008143323	4
DIEEPFIKKSA	NTX384939;NTX384947;NTX496574;NTX496576	0.0017064846;0.0017064846;0.0017064846;0.0017064846	16
DIEEPFIKKSAY	NTX384939;NTX384947;NTX496574;NTX496576	0.0;0.0;0.0;0.0	20
DIEEPFIKKSAYVTGGRS	NTX384939;NTX384947;NTX496574;NTX496576	0.0;0.0;0.0;0.0	68
DIEEPFIKKT	NTX384947;NTX496574;NTX496576	0.0050167223;0.0050167223;0.0050167223	20
DIEEPFIKKTA	NTX384947;NTX496574;NTX496576	0.0;0.0;0.0	28
DIEEPFIKKTANVTGGRS	NTX496574;NTX496576	0.0;0.0	4
DIEEPFIKKTAY	NTX384947;NTX496574	0.0;0.0	10
DIEEPFIKKTAYVTGGRS	NTX384947;NTX496574	0.0;0.0	42
DKFPFENEFPK	NTX98053;NTX98054	0.0;0.0	8
DLFYHVCRCY	NTX359850	0.0	6
DLNKRPDQRFSF	NTX496322	0.0	4
DNGYLLDKYTG	NTX434966;NTX434967	0.0050167223;0.0050167223	8
DNGYLLDKYTGCKVW	NTX434966;NTX434967	0.0;0.0	2
DNRPFCITDMDFSNIKD	NTX361043;NTX584753;NTX584754	0.0;0.0;0.0	9
DPAKNDDVEIVDHNFFRF	NTX144303;NTX144307;NTX144311	0.0;0.0;0.0	3
DPVSAAGAGRF	NTX374058;NTX374059;NTX374061;NTX374062;NTX374063;NTX374064;NTX374065;NTX374066;NTX374067;NTX374069;NTX374070;NTX374073;NTX43000;NTX479827;NTX485683;NTX485687;NTX485689;NTX485691;NTX485692;NTX485694;NTX485699;NTX485700;NTX591828;NTX591829;NTX591831;NTX591832;NTX597762;NTX597768	0.0;0.0;0.0;0.0;0.0;0.0;0.0;0.0;0.0;0.0;0.0;0.0;0.0;0.0;0.0;0.0;0.0;0.0;0.0;0.0;0.0;0.0;0.0;0.0;0.0;0.0;0.0;0.0	93
DPVSAAGAGRFEA	NTX374059;NTX374061;NTX374065;NTX374073;NTX485683;NTX485687;NTX485689;NTX485691;NTX485692;NTX485694;NTX485700;NTX597768	0.0;0.0;0.0;0.0;0.0;0.0;0.0;0.0;0.0;0.0;0.0;0.0	24
DSEMESSIRDILT	NTX428770;NTX428772;NTX428775	0.0;0.0;0.0	123
DSFTDDLNKRPDQRFSF	NTX496322	0.0	3
DSVYVIDKIIRP	NTX135011	0.0	3
DSVYVIDKIIRPVLKDD	NTX135011	0.0017064846	1
DVLIQHPKQVQDVLTQH	NTX485684;NTX485685;NTX597765;NTX597767	0.0;0.0;0.0;0.0	4
DYGGVGGGYGGGGRGGFGGGRGG	NTX104669;NTX104670;NTX214985;NTX214987;NTX214988;NTX214994;NTX214996;NTX214997	0.0;0.0;0.0;0.0;0.0;0.0;0.0;0.0	16
EDEVEAILTPEVNKVYE	NTX56407	0.0	2
EECNAILEENKFY	NTX438454;NTX438456;NTX438457	0.0;0.0;0.0	6
EEDTCNLFMCSMYCRFKE	NTX637329	0.0	2
EEEHCESWICRA	NTX177808;NTX177809	0.0;0.0	2
EFAGKKISEIEIVNLEDAHEGVV	NTX612360	0.0	3
EHGIITNWDDMEKIWHHT	NTX24145	0.0	1
EIDKSGFGGFH	NTX334743;NTX334744;NTX334745	0.0;0.0;0.0	30
EIERPSHRILY	NTX365400;NTX477121	0.0;0.0	6
ELDEIDKSGFGGFH	NTX334743;NTX334744;NTX334745	0.0;0.0;0.0	3
ELPDNVPIRVP	NTX49728;NTX49729	0.0;0.0	6
ELPDNVPIRVPG	NTX49728;NTX49729	0.0;0.0	4
ELPDNVPIRVPGKC	NTX49728;NTX49729	0.0;0.0	4
ELPDNVPIRVPGKCH	NTX49728;NTX49729	0.0;0.0	2
ESCWPNMLCCFAQFRCICHVNSCQYTNK	NTX135801	0.009661836	1
ETKGGNLDWDQLIGEKL	NTX487647	0.0	9
EVEAILTPEVNKVYE	NTX56407	0.0	2
EWSDPSVQHDIKYFPFK	NTX94322;NTX94323	0.0;0.0	2
EYCNDLCTKNGAKSGYCQ	NTX49728;NTX49729	0.008143323;0.008143323	2
EYGDITGSGKDQDY	NTX428770;NTX428772;NTX428775	0.0;0.0;0.0	15
EYGDITGSGKDQDYWSS	NTX428770;NTX428772;NTX428775	0.0017064846;0.0017064846;0.0017064846	9
EYGDITGSGKDQDYWSSGRTP	NTX428770;NTX428772;NTX428775	0.0;0.0;0.0	9
EYGTDNAFGQHGYDNS	NTX541125;NTX541126	0.0;0.0	14
EYGTDNAFGQHGYDNSL	NTX541125;NTX541126	0.0;0.0	2
EYVSENFRKFPN	NTX305063;NTX305064	0.0;0.0	18
FAFDDSKRYDQRFAF	NTX163968;NTX163969	0.0017064846;0.0017064846	2
FAFGLGKRPDQRFSF	NTX496322	0.0	2
FDPAAEAGAGR	NTX374059;NTX485681;NTX485691;NTX485694	0.0;0.0;0.0;0.0	28
FDPAAEAGAGRF	NTX374059;NTX485681;NTX485691;NTX485694	0.0;0.0;0.0;0.0	12
FDPAAEAGAGRFD	NTX374059;NTX485691;NTX485694	0.0;0.0;0.0	9
FDPAAEAGAGRFDP	NTX374059;NTX485691;NTX485694	0.0;0.0;0.0	3
FDPAIFGSLPDDTKE	NTX581382	0.0	7
FDPASAAGAGR	NTX374059;NTX42998;NTX43000;NTX43001;NTX485691;NTX591828;NTX591829;NTX591830;NTX591831;NTX591832	0.0;0.0;0.0;0.0;0.0;0.0;0.0;0.0;0.0;0.0	160
FDPASAAGAGRF	NTX374059;NTX42998;NTX43000;NTX43001;NTX485691;NTX591828;NTX591829;NTX591830;NTX591831;NTX591832	0.0;0.0;0.0;0.0;0.0;0.0;0.0;0.0;0.0;0.0	150
FDPASAAGAGRFD	NTX42998;NTX43000;NTX43001;NTX591828;NTX591829;NTX591830;NTX591831;NTX591832	0.0;0.0;0.0;0.0;0.0;0.0;0.0;0.0	136
FDPASAAGAGRFDP	NTX42998;NTX43000;NTX43001;NTX591828;NTX591829;NTX591830;NTX591831;NTX591832	0.0;0.0;0.0;0.0;0.0;0.0;0.0;0.0	32
FDPASAAGAGRFDPTLEAGAG	NTX42998;NTX43000;NTX43001;NTX591828;NTX591830	0.0;0.0;0.0;0.0;0.0	5
FDPASAAGAGRFDPTLEAGAGR	NTX42998;NTX43000;NTX43001;NTX591828;NTX591830	0.0;0.0;0.0;0.0;0.0	25
FDPASAAGAGRFDPTLEAGAGRFNPA	NTX43000;NTX43001;NTX591828;NTX591830	0.0;0.0;0.0;0.0	4
FDPASAAGAGRFDPTLEAGAGRFNPAL	NTX43000;NTX43001;NTX591828;NTX591830	0.0;0.0;0.0;0.0	4
FDPASAAGAGRFDPTLEAGAGRFNPALEAGAGR	NTX591828;NTX591830	0.0;0.0	8
FDPASAAGAGRFDPVSAAGAGR	NTX591829;NTX591831;NTX591832	0.0;0.0;0.0	33
FDPASAAGAGRFDPVSAAGAGRFD	NTX591829;NTX591831;NTX591832	0.0;0.0;0.0	6
FDPASAAGAGRFDPVSAAGAGRFDPTLEAGAGR	NTX591829;NTX591831;NTX591832	0.0;0.0;0.0	6
FDPASEAGAGR	NTX374058;NTX374063;NTX374072;NTX43000;NTX43001;NTX479827;NTX591828	0.0;0.0;0.0;0.0;0.0;0.0;0.0	42
FDPASEAGAGRF	NTX374058;NTX374063;NTX374072;NTX43000;NTX43001;NTX479827;NTX591828	0.0;0.0;0.0;0.0;0.0;0.0;0.0	21
FDPASEAGAGRFD	NTX374058;NTX374063;NTX374072;NTX43000;NTX43001;NTX479827;NTX591828	0.0;0.0;0.0;0.0;0.0;0.0;0.0	49
FDPASEAGAGRFDP	NTX374058;NTX374063;NTX374072;NTX43000;NTX43001;NTX479827;NTX591828	0.0;0.0;0.0;0.0;0.0;0.0;0.0	14
FDPASEAGAGRFDPVSAAGAGR	NTX43000;NTX479827;NTX591828	0.0;0.0;0.0	24
FDPASEAGAGRFDPVSAAGAGRFDPVLEAGAGR	NTX479827;NTX591828	0.0;0.0	2
FDPASVAGAGR	NTX374070;NTX485681;NTX485692	0.0;0.0;0.0	30
FDPASVAGAGRF	NTX374070;NTX485681;NTX485692	0.0;0.0;0.0	3
FDPASVAGAGRFD	NTX374070;NTX485681;NTX485692	0.0;0.0;0.0	18
FDPASVAGAGRFDPTLEAGAGR	NTX374070;NTX485681;NTX485692	0.0;0.0;0.0	3
FDPSSEAGAGRF	NTX374070;NTX485681;NTX485692;NTX485700	0.0;0.0;0.0;0.0	12
FDPSSEAGAGRFD	NTX374070;NTX485681;NTX485692;NTX485700	0.0;0.0;0.0;0.0	24
FDPSSEAGAGRFDP	NTX374070;NTX485681;NTX485692;NTX485700	0.0;0.0;0.0;0.0	4
FDPSSEAGAGRFDPAS	NTX374070;NTX485681;NTX485692;NTX485700	0.0;0.0;0.0;0.0	8
FDPSSEAGAGRFDPASVAGAGR	NTX374070;NTX485681;NTX485692	0.0;0.0;0.0	9
FDPTLEAGAGR	NTX374060;NTX374063;NTX374064;NTX374066;NTX374069;NTX374070;NTX374071;NTX42998;NTX43000;NTX43001;NTX485681;NTX485692;NTX485699;NTX591828;NTX591829;NTX591830;NTX591831;NTX591832	0.0;0.0;0.0;0.0;0.0;0.0;0.0;0.0;0.0;0.0;0.0;0.0;0.0;0.0;0.0;0.0;0.0;0.0	594
FDPTLEAGAGRF	NTX374060;NTX374063;NTX374064;NTX374066;NTX374069;NTX374071;NTX42998;NTX43000;NTX43001;NTX485699;NTX591828;NTX591829;NTX591830;NTX591831;NTX591832	0.0;0.0;0.0;0.0;0.0;0.0;0.0;0.0;0.0;0.0;0.0;0.0;0.0;0.0;0.0	45
FDPTLEAGAGRFN	NTX374060;NTX374063;NTX374064;NTX374066;NTX374069;NTX374071;NTX43000;NTX43001;NTX485699;NTX591828;NTX591829;NTX591830;NTX591831;NTX591832	0.0;0.0;0.0;0.0;0.0;0.0;0.0;0.0;0.0;0.0;0.0;0.0;0.0;0.0	28
FDPTLEAGAGRFNPA	NTX374060;NTX374063;NTX374064;NTX374066;NTX374069;NTX374071;NTX43000;NTX43001;NTX485699;NTX591828;NTX591829;NTX591830;NTX591831;NTX591832	0.0;0.0;0.0;0.0;0.0;0.0;0.0;0.0;0.0;0.0;0.0;0.0;0.0;0.0	70
FDPTLEAGAGRFNPAL	NTX374060;NTX374063;NTX374064;NTX374066;NTX374071;NTX43000;NTX43001;NTX591828;NTX591829;NTX591830;NTX591831;NTX591832	0.0;0.0;0.0;0.0;0.0;0.0;0.0;0.0;0.0;0.0;0.0;0.0	12
FDPTLEAGAGRFNPALEAGAG	NTX374063;NTX374064;NTX374066;NTX374071;NTX591828;NTX591829;NTX591830;NTX591831;NTX591832	0.0;0.0;0.0;0.0;0.0;0.0;0.0;0.0;0.0	18
FDPTLEAGAGRFNPALEAGAGR	NTX374063;NTX374064;NTX374066;NTX374071;NTX591828;NTX591829;NTX591830;NTX591831;NTX591832	0.0;0.0;0.0;0.0;0.0;0.0;0.0;0.0;0.0	135
FDPTLEAGAGRFNPALEAGAGRFD	NTX374063;NTX591828;NTX591829;NTX591830;NTX591831;NTX591832	0.0;0.0;0.0;0.0;0.0;0.0	12
FDPTLEAGAGRFNPALEAGAGRFDPASEAGAGR	NTX591828	0.0	2
FDPTLEAGAGRFNPALEAGAGRFDPTSEAGAGR	NTX591829;NTX591832	0.0;0.0	2
FDPTSEAGAGR	NTX479826;NTX479827;NTX479828;NTX591828;NTX591829;NTX591832	0.0;0.0;0.0;0.0;0.0;0.0	42
FDPTSEAGAGRF	NTX479826;NTX479827;NTX479828;NTX591828;NTX591829;NTX591832	0.0;0.0;0.0;0.0;0.0;0.0	18
FDPTSEAGAGRFD	NTX479826;NTX479827;NTX479828;NTX591828;NTX591829;NTX591832	0.0;0.0;0.0;0.0;0.0;0.0	49
FDPTSEAGAGRFDP	NTX479826;NTX479827;NTX479828;NTX591828;NTX591829;NTX591832	0.0;0.0;0.0;0.0;0.0;0.0	12
FDPTSEAGAGRFDPVSAAGAGR	NTX591828;NTX591829;NTX591832	0.0;0.0;0.0	9
FDPTSEAGAGRFDS	NTX479826	0.0	3
FDPTSEAGAGRFDSVSAAGAGR	NTX479826	0.0	1
FDPTSEAGAGRFDSVSAAGAGRF	NTX479826	0.0017064846	1
FDPVLEAGAGR	NTX374058;NTX374062;NTX374063;NTX374064;NTX374065;NTX374066;NTX374067;NTX374069;NTX374070;NTX374073;NTX479826;NTX479827;NTX479828;NTX485699;NTX591828;NTX591829;NTX591832;NTX597762	0.0;0.0;0.0;0.0;0.0;0.0;0.0;0.0;0.0;0.0;0.0;0.0;0.0;0.0;0.0;0.0;0.0;0.0	306
FDPVLEAGAGRFNPA	NTX374058;NTX374062;NTX374063;NTX374064;NTX374066;NTX374067;NTX374069;NTX374070;NTX485699;NTX597762	0.0;0.0;0.0;0.0;0.0;0.0;0.0;0.0;0.0;0.0	10
FDPVLEAGAGRFNPALEAGAGR	NTX374058;NTX374062;NTX374063;NTX374064;NTX374066;NTX374067;NTX374069;NTX374070;NTX485699;NTX597762	0.0;0.0;0.0;0.0;0.0;0.0;0.0;0.0;0.0;0.0	60
FDPVSAAGAGFDRFDPVPAAE	NTX374058;NTX374063;NTX374072;NTX485687;NTX485696	0.008143323;0.008143323;0.008143323;0.008143323;0.008143323	5
FDPVSAAGAGR	NTX374058;NTX374059;NTX374061;NTX374062;NTX374063;NTX374064;NTX374065;NTX374066;NTX374067;NTX374069;NTX374070;NTX374073;NTX43000;NTX479827;NTX485683;NTX485687;NTX485689;NTX485691;NTX485692;NTX485694;NTX485699;NTX485700;NTX591828;NTX591829;NTX591831;NTX591832;NTX597762;NTX597768	0.0;0.0;0.0;0.0;0.0;0.0;0.0;0.0;0.0;0.0;0.0;0.0;0.0;0.0;0.0;0.0;0.0;0.0;0.0;0.0;0.0;0.0;0.0;0.0;0.0;0.0;0.0;0.0	728
FDPVSAAGAGRF	NTX374058;NTX374059;NTX374061;NTX374062;NTX374063;NTX374064;NTX374065;NTX374066;NTX374067;NTX374069;NTX374070;NTX374073;NTX43000;NTX479827;NTX485683;NTX485687;NTX485689;NTX485691;NTX485692;NTX485694;NTX485699;NTX485700;NTX591828;NTX591829;NTX591831;NTX591832;NTX597762;NTX597768	0.0;0.0;0.0;0.0;0.0;0.0;0.0;0.0;0.0;0.0;0.0;0.0;0.0;0.0;0.0;0.0;0.0;0.0;0.0;0.0;0.0;0.0;0.0;0.0;0.0;0.0;0.0;0.0	589
FDPVSAAGAGRFD	NTX374058;NTX374062;NTX374063;NTX374064;NTX374065;NTX374066;NTX374067;NTX374069;NTX374070;NTX374073;NTX479827;NTX485699;NTX591828;NTX591829;NTX591831;NTX591832;NTX597762	0.0;0.0;0.0;0.0;0.0;0.0;0.0;0.0;0.0;0.0;0.0;0.0;0.0;0.0;0.0;0.0;0.0	85
FDPVSAAGAGRFDP	NTX374058;NTX374062;NTX374063;NTX374064;NTX374065;NTX374066;NTX374067;NTX374069;NTX374070;NTX374073;NTX479827;NTX485699;NTX591828;NTX591829;NTX591831;NTX591832;NTX597762	0.0;0.0;0.0;0.0;0.0;0.0;0.0;0.0;0.0;0.0;0.0;0.0;0.0;0.0;0.0;0.0;0.0	57
FDPVSAAGAGRFDPTLEAGAGR	NTX591829;NTX591831;NTX591832	0.0;0.0;0.0	15
FDPVSAAGAGRFDPTLEAGAGRFNPALEAGAGR	NTX591829;NTX591831;NTX591832	0.0;0.0;0.0	6
FDPVSAAGAGRFDPVLEAGAGR	NTX374058;NTX374062;NTX374063;NTX374064;NTX374065;NTX374066;NTX374067;NTX374069;NTX374070;NTX374073;NTX479827;NTX485699;NTX591828;NTX591829;NTX591832;NTX597762	0.0;0.0;0.0;0.0;0.0;0.0;0.0;0.0;0.0;0.0;0.0;0.0;0.0;0.0;0.0;0.0	48
FDPVSAAGAGRFDPVLEAGAGRFNPALEAGAGR	NTX374058;NTX374062;NTX374063;NTX374064;NTX374066;NTX374067;NTX374069;NTX374070;NTX485699;NTX597762	0.0;0.0;0.0;0.0;0.0;0.0;0.0;0.0;0.0;0.0	10
FDPVSAAGAGRFE	NTX374059;NTX374061;NTX374065;NTX374073;NTX43000;NTX485683;NTX485687;NTX485689;NTX485691;NTX485692;NTX485694;NTX485700;NTX597768	0.0;0.0;0.0;0.0;0.0;0.0;0.0;0.0;0.0;0.0;0.0;0.0;0.0	78
FDPVSAAGAGRFEA	NTX374059;NTX374061;NTX374065;NTX374073;NTX485683;NTX485687;NTX485689;NTX485691;NTX485692;NTX485694;NTX485700;NTX597768	0.0;0.0;0.0;0.0;0.0;0.0;0.0;0.0;0.0;0.0;0.0;0.0	132
FDPVSAAGAGRFEAGAG	NTX374059;NTX374061;NTX374065;NTX374073;NTX485683;NTX485687;NTX485689;NTX485691;NTX485692;NTX485694;NTX485700;NTX597768	0.0;0.0;0.0;0.0;0.0;0.0;0.0;0.0;0.0;0.0;0.0;0.0	108
FDPVSAAGAGRFEAGAGR	NTX374059;NTX374061;NTX374065;NTX374073;NTX485683;NTX485687;NTX485689;NTX485691;NTX485692;NTX485694;NTX485700;NTX597768	0.0;0.0;0.0;0.0;0.0;0.0;0.0;0.0;0.0;0.0;0.0;0.0	108
FDPVSAAGAGRFEAGAGRF	NTX374059;NTX374061;NTX374065;NTX374073;NTX485683;NTX485687;NTX485689;NTX485691;NTX485692;NTX485694;NTX485700;NTX597768	0.0;0.0;0.0;0.0;0.0;0.0;0.0;0.0;0.0;0.0;0.0;0.0	24
FDPVSAAGAGRFEAGAGRFNP	NTX374059;NTX374061;NTX374065;NTX374073;NTX485683;NTX485687;NTX485689;NTX485691;NTX485692;NTX485694;NTX485700;NTX597768	0.0;0.0;0.0;0.0;0.0;0.0;0.0;0.0;0.0;0.0;0.0;0.0	24
FDPVSAAGAGRFEAGAGRFNPTS	NTX374059;NTX374061;NTX374065;NTX374073;NTX485683;NTX485687;NTX485689;NTX485691;NTX485692;NTX485694;NTX485700;NTX597768	0.0;0.0;0.0;0.0;0.0;0.0;0.0;0.0;0.0;0.0;0.0;0.0	16
FDPVSAAGAGRFEAGAGRFNPTSEA	NTX374059;NTX374061;NTX374065;NTX374073;NTX485683;NTX485687;NTX485689;NTX485691;NTX485692;NTX485694;NTX485700;NTX597768	0.0;0.0;0.0;0.0;0.0;0.0;0.0;0.0;0.0;0.0;0.0;0.0	24
FDPVSAAGAGRFEAGAGRFNPTSEAGAG	NTX374059;NTX374061;NTX485683;NTX485687;NTX485689;NTX485691;NTX485694;NTX597768	0.0;0.0;0.0;0.0;0.0;0.0;0.0;0.0	24
FDPVSAAGAGRFEAGAGRFNPTSEAGAGR	NTX374059;NTX374061;NTX485683;NTX485687;NTX485689;NTX485691;NTX485694;NTX597768	0.0;0.0;0.0;0.0;0.0;0.0;0.0;0.0	40
FDSVSAAGAGRF	NTX479826	0.0	6
FDTALAGGAFGETKE	NTX373661;NTX373662;NTX485295;NTX485296	0.0;0.0;0.0;0.0	16
FEAGAGRFNPTSEAGAG	NTX374059;NTX374061;NTX485683;NTX485687;NTX485689;NTX485691;NTX485694;NTX597768	0.0;0.0;0.0;0.0;0.0;0.0;0.0;0.0	16
FEAGAGRFNPTSEAGAGR	NTX374059;NTX374061;NTX485683;NTX485687;NTX485689;NTX485691;NTX485694;NTX597768	0.0;0.0;0.0;0.0;0.0;0.0;0.0;0.0	64
FEPMDQAGAGR	NTX374070;NTX485681	0.0;0.0	18
FEYKYSFKGPY	NTX335822	0.0017064846	1
FFGHLFKLA	NTX134676	0.008143323	2
FFGHLFKLAT	NTX134676	0.0	7
FIILVGTKWCGAGN	NTX644817	0.0	2
FIQDNTYEIYDKSKQ	NTX181117	0.0	2
FKNKYEDEINK	NTX283712;NTX465514;NTX577282	0.0;0.0;0.0	3
FKNKYEDEINKR	NTX283712;NTX465514;NTX577282	0.0;0.0;0.0	6
FKNKYEDEINKRA	NTX465514;NTX577282	0.0;0.0	10
FKNKYEDEINKRAA	NTX465514;NTX577282	0.0;0.0	4
FLILVGTKWCGAGN	NTX644816;NTX644818;NTX644819	0.0;0.0;0.0	6
FMVRLRNPWGGH	NTX189949	0.0017064846	1
FNDPLKEKEYAENL	NTX334555;NTX334556	0.0;0.0	4
FNPALEAGAGR	NTX374058;NTX374062;NTX374063;NTX374064;NTX374066;NTX374067;NTX374069;NTX374070;NTX374071;NTX479826;NTX485699;NTX591828;NTX591829;NTX591830;NTX591831;NTX591832;NTX597762	0.0;0.0;0.0;0.0;0.0;0.0;0.0;0.0;0.0;0.0;0.0;0.0;0.0;0.0;0.0;0.0;0.0	294
FNPALEAGAGRF	NTX374058;NTX374062;NTX374063;NTX374064;NTX374066;NTX374067;NTX374069;NTX374070;NTX479826;NTX591828;NTX591829;NTX591830;NTX591831;NTX591832;NTX597762	0.0;0.0;0.0;0.0;0.0;0.0;0.0;0.0;0.0;0.0;0.0;0.0;0.0;0.0;0.0	60
FNPALEAGAGRFD	NTX374058;NTX374062;NTX374063;NTX374067;NTX374069;NTX479826;NTX591828;NTX591829;NTX591830;NTX591831;NTX591832;NTX597762	0.0;0.0;0.0;0.0;0.0;0.0;0.0;0.0;0.0;0.0;0.0;0.0	72
FNPALEAGAGRFDPASEAGAGR	NTX374058;NTX374063;NTX591828	0.0;0.0;0.0	9
FNPALEAGAGRFDPTSEAGAGR	NTX479826;NTX591829;NTX591832	0.0;0.0;0.0	12
FNPALEAGAGRFNPTSEAGA	NTX374064;NTX374066	0.0017064846;0.0017064846	2
FNPTSEAGAGRF	NTX374059;NTX374061;NTX374064;NTX374065;NTX374066;NTX374073;NTX485683;NTX485687;NTX485689;NTX485691;NTX485694;NTX597762;NTX597768	0.0;0.0;0.0;0.0;0.0;0.0;0.0;0.0;0.0;0.0;0.0;0.0;0.0	65
FNPTSEAGAGRFD	NTX374059;NTX374061;NTX374064;NTX374065;NTX374066;NTX374073;NTX485683;NTX485687;NTX485689;NTX485691;NTX485694;NTX597762;NTX597768	0.0;0.0;0.0;0.0;0.0;0.0;0.0;0.0;0.0;0.0;0.0;0.0;0.0	104
FNPTSEAGAGRFDPAS	NTX374059;NTX374061;NTX485691;NTX485694	0.0017064846;0.0017064846;0.0017064846;0.0017064846	4
FNPTSEAGAGRFDPASAAGAG	NTX374059;NTX485691	0.0;0.0	6
FNPTSEAGAGRFDPASAAGAGR	NTX374059;NTX485691	0.0;0.0	12
FNPTSEAGAGRFDPVSAAGAGRFEA	NTX374059;NTX374061;NTX485683;NTX485687;NTX485689;NTX485691;NTX485694;NTX597768	0.0;0.0;0.0;0.0;0.0;0.0;0.0;0.0	8
FNPTSEAGAGRFDPVSAAGAGRFEAGA	NTX374059;NTX374061;NTX485683;NTX485687;NTX485689;NTX485691;NTX485694;NTX597768	0.0;0.0;0.0;0.0;0.0;0.0;0.0;0.0	32
FNPTSEAGAGRFDPVSAAGAGRFEAGAG	NTX374059;NTX374061;NTX485683;NTX485687;NTX485689;NTX485691;NTX485694;NTX597768	0.0;0.0;0.0;0.0;0.0;0.0;0.0;0.0	8
FNPTSEAGAGRFDPVSAAGAGRFEAGAGR	NTX374059;NTX374061;NTX485683;NTX485687;NTX485689;NTX485691;NTX485694;NTX597768	0.0;0.0;0.0;0.0;0.0;0.0;0.0;0.0	8
FNPTSEAGAGRFDPVSAAGAGRFEAGAGRFNPTSEAGA	NTX374059;NTX374061;NTX485691;NTX485694	0.0;0.0;0.0;0.0	8
FNSWNDKFRP	NTX428770;NTX428772;NTX428775	0.0050167223;0.0050167223;0.0050167223	9
FQLPSHLDIRNP	NTX56407	0.0	2
FQLPSHLDIRNPHTFE	NTX56407	0.0	1
FQLPSHLDIRNPHTFEEEDL	NTX56407	0.0	3
FRTMWERYCRGVNAI	NTX4281;NTX4282	0.009661836;0.009661836	2
FSFGLGKRPDQRFAF	NTX496322	0.0	4
FTDDLNKRPDQRFSF	NTX496322	0.0050167223	1
FVQAENYNVACGIVSFGRRCAL	NTX361043;NTX472849;NTX584754	0.0;0.0;0.0	6
FYHVCRCY	NTX359850	0.0	4
GCWCIELPDNVPIRVPGKCH	NTX49728;NTX49729	0.0;0.0	48
GDCPSLNEPCDSDRD	NTX366384	0.0	3
GDCPSLNEPCDSDRDCCPYGE	NTX366384	0.0	6
GDCPSLNEPCDSDRDCCPYGERCLS	NTX366384	0.0	1
GDCPSLNEPCDSDRDCCPYGERCLSSGKGYYCKED	NTX366384	0.0	1
GDCPSLNEPCDSDRDCCPYGERCLSSGKGYYCKEDPGP	NTX366384	0.0	9
GGYYGYCYFWK	NTX434966	0.0	2
GICVVETENDLFYHVCRCY	NTX359850	0.0	1
GKYGNGCWCIELPDNVPIRVPGKCH	NTX49728;NTX49729	0.0;0.0	6
GLACWCEGLPDDKT	NTX41956;NTX41957;NTX41959	0.0;0.0;0.0	27
GLDEKVLEDEGLGERWENEN	NTX662347;NTX662348	0.0;0.0	10
GLGKRPDQRFAF	NTX496322	0.0	4
GLGKRPDQRFSF	NTX496322	0.0	3
GPCFTTDANMAR	NTX312243;NTX416166;NTX416168;NTX527766	0.0;0.0;0.0;0.0	4
GQKDSYVGDEAQSKRGIL	NTX148639;NTX186568;NTX24145;NTX480816;NTX480817;NTX592806;NTX592809;NTX592811;NTX592814	0.0;0.0;0.0;0.0;0.0;0.0;0.0;0.0;0.0	9
GQKDSYVGDEAQSKRGILTL	NTX148639;NTX186568;NTX24145;NTX480816;NTX480817;NTX592806;NTX592809;NTX592811	0.0;0.0;0.0;0.0;0.0;0.0;0.0;0.0	8
GQKDSYVGDEAQSKRGILTLK	NTX148639;NTX186568;NTX24145;NTX480816;NTX480817;NTX592806;NTX592809;NTX592811	0.0;0.0;0.0;0.0;0.0;0.0;0.0;0.0	8
GRDAYIAQNYNCVYH	NTX83904;NTX83906	0.0;0.0	10
GRFDPSAGRFDPVSAAGAGRFEAGA	NTX485692;NTX485700	0.0050167223;0.0050167223	2
GRFDPSSEAGAGRF	NTX374070;NTX485681;NTX485692;NTX485700	0.0050167223;0.0050167223;0.0050167223;0.0050167223	4
GRFDPSSEAGAGRFD	NTX374070;NTX485681;NTX485692;NTX485700	0.0;0.0;0.0;0.0	20
GRYGNACWCIDLPDKVPIR	NTX602037;NTX602038	0.0;0.0	6
GSVALTSENFDSHVGNHE	NTX629813	0.0017064846	1
GTPYPVNCKTDRDCVMCGLGISCKNGYCQGCT	NTX371729;NTX371731;NTX371733;NTX483383	0.0;0.0;0.0;0.0	20
GVMVGMGQKDSYVGDEAQSK	NTX148639;NTX186568;NTX24145;NTX480816;NTX480817;NTX592806;NTX592809;NTX592811;NTX592814	0.0;0.0;0.0;0.0;0.0;0.0;0.0;0.0;0.0	9
GVMVGMGQKDSYVGDEAQSKR	NTX148639;NTX186568;NTX24145;NTX480816;NTX480817;NTX592806;NTX592809;NTX592811;NTX592814	0.0;0.0;0.0;0.0;0.0;0.0;0.0;0.0;0.0	9
GYDPYYVGGPLGETKE	NTX373661;NTX373662;NTX485295;NTX485296	0.0;0.0;0.0;0.0	4
GYGEMVLDLEKQHCE	NTX549633	0.008143323	41
HAVSEGTKAVTKYTSSK	NTX336196;NTX336206;NTX448011;NTX464600;NTX584434	0.0;0.0;0.0;0.0;0.0	10
HDDNGHFTNDWVVR	NTX487637	0.0	2
HDDNGHFTNDWVVRITGGN	NTX487637	0.0017064846	1
HQGVMVGMGQKDSYVGDEAQSKR	NTX148639;NTX186568;NTX24145;NTX480816;NTX480817;NTX592806;NTX592809;NTX592811;NTX592814	0.0;0.0;0.0;0.0;0.0;0.0;0.0;0.0;0.0	18
ICSMSKFGNC	NTX85997;NTX86002	0.0;0.0	4
IDKSGFGGFH	NTX334743;NTX334744;NTX334745	0.0;0.0;0.0	15
IDLPDKVPIRIP	NTX602038	0.0	10
IDLPDKVPIRIPGPC	NTX602038	0.0	9
IEEPFIKKSAYVTGGRS	NTX384939;NTX384947;NTX496574;NTX496576	0.0;0.0;0.0;0.0	20
IEEPFIKKTAY	NTX384947;NTX496574	0.0;0.0	4
IEEPFIKKTAYVTGGRS	NTX384947;NTX496574	0.0;0.0	6
IEEQFPTHEPYQEER	NTX164951;NTX164952;NTX164953	0.0;0.0;0.0	3
IELPDNVPIR	NTX49728;NTX49729	0.0;0.0	6
IELPDNVPIRVP	NTX49728;NTX49729	0.0;0.0	26
IELPDNVPIRVPG	NTX49728;NTX49729	0.0;0.0	8
IELPDNVPIRVPGKC	NTX49728;NTX49729	0.0;0.0	18
IELPDNVPIRVPGKCH	NTX49728;NTX49729	0.0;0.0	26
IFNKENYPH	NTX361043;NTX472849;NTX584754	0.0;0.0;0.0	33
IFPHENKESLFPK	NTX134688;NTX134689;NTX244706	0.0;0.0;0.0	3
IFSKSKMPIFPHEN	NTX134688;NTX134689;NTX244706	0.0;0.0;0.0	6
IIGFQLGLERPTNVVQNNTS	NTX624266	0.0	2
IIPSLFRRKNQ	NTX134676	0.0017064846	1
ISKQEYDESGPSIVH	NTX258811;NTX480808;NTX480845	0.0;0.0;0.0	9
ISKQEYDESGPSIVHR	NTX258811;NTX480808;NTX480845	0.0;0.0;0.0	3
ISKQEYDESGPSIVHRKCF	NTX258811;NTX480808;NTX480845	0.0;0.0;0.0	6
ISTGVNYYCRPDFGP	NTX627879	0.0	1
ITDMDFSNIKD	NTX361043;NTX584753;NTX584754	0.0;0.0;0.0	3
ITEYDNRPFC	NTX361043;NTX584753;NTX584754	0.008143323;0.008143323;0.008143323	3
ITEYDNRPFCITDMDFSNIKD	NTX361043;NTX584753;NTX584754	0.0;0.0;0.0	12
IVIYNMEGSGPNTTPKLKAGI	NTX407408	0.0	1
IYEELGEKYKNRNDIVIA	NTX235912;NTX235914;NTX235916	0.0;0.0;0.0	9
KAFQLPSHLDIRNPHTFEEEDL	NTX56407	0.0	1
KAKLEETHPERVEAF	NTX431293	0.0	1
KAVGKVIPELNGKLTGM	NTX270040;NTX534433	0.0017064846;0.0017064846	2
KDSYVGDEAQSKRGILTL	NTX148639;NTX186568;NTX24145;NTX299825;NTX369131;NTX369134;NTX480816;NTX480817;NTX592806;NTX592809;NTX592811	0.0;0.0;0.0;0.0;0.0;0.0;0.0;0.0;0.0;0.0;0.0	11
KEDKYEEEIKVLTDK	NTX186740	0.0	1
KESLFPKYKLQY	NTX134688;NTX134689;NTX244706	0.0;0.0;0.0	3
KGHYTEGAELVDSVLDVVR	NTX324164	0.0	4
KIKIIAPPERKY	NTX102642;NTX24145;NTX244697;NTX258811;NTX38477;NTX38478;NTX480808;NTX480845;NTX506496	0.0;0.0;0.0;0.0;0.0;0.0;0.0;0.0;0.0	36
KIKIIAPPERKYS	NTX102642;NTX24145;NTX244697;NTX258811;NTX38477;NTX38478;NTX480808;NTX480845;NTX506496	0.0;0.0;0.0;0.0;0.0;0.0;0.0;0.0;0.0	18
KIKIIAPPERKYSV	NTX102642;NTX24145;NTX244697;NTX258811;NTX38477;NTX38478;NTX480808;NTX480845;NTX506496	0.0;0.0;0.0;0.0;0.0;0.0;0.0;0.0;0.0	9
KIREEYPDRIM	NTX214579;NTX324164;NTX424777	0.0017064846;0.0017064846;0.0017064846	3
KIREEYPDRIMN	NTX324164;NTX424777	0.008143323;0.008143323	2
KISEIEIVNLEDAHEGVV	NTX612360	0.0	2
KIVDGIKSYNIE	NTX91175	0.0	5
KIVDGIKSYNIEREEEL	NTX91175	0.0	1
KLACWCDDIHN	NTX311250;NTX311253	0.0;0.0	8
KLACWCDNIHN	NTX311249;NTX311255;NTX512262	0.0;0.0;0.0	3
KQEYDESGPSIVH	NTX258811;NTX480808;NTX480845	0.0;0.0;0.0	6
KQEYDESGPSIVHRKCF	NTX258811;NTX480808;NTX480845	0.0;0.0;0.0	36
KRVTIMPKDIQLAR	NTX213988;NTX412398;NTX412401;NTX448016;NTX448019	0.0;0.0;0.0;0.0;0.0	70
KSYELPDGQVITIGNERFRCPEAL	NTX38478;NTX480808;NTX480816;NTX480817;NTX592828;NTX592829	0.0017064846;0.0017064846;0.0017064846;0.0017064846;0.0017064846;0.0017064846	12
KTLNNRFASFIDKVRF	NTX577282	0.008143323	4
KVLKQVHPDTGISSKAM	NTX226741;NTX336205;NTX336206;NTX464600;NTX543039;NTX6023;NTX6024	0.0;0.0;0.0;0.0;0.0;0.0;0.0	56
LACWCDDIHN	NTX311250;NTX311253	0.0;0.0	10
LACWCEGLPDDKT	NTX41956;NTX41957;NTX41959	0.0;0.0;0.0	21
LACWCEGLPDDKTW	NTX41956;NTX41957;NTX41959	0.0;0.0;0.0	3
LACWCEGLPDDKTWKS	NTX41956;NTX41957;NTX41959	0.003407155;0.003407155;0.003407155	6
LASELGYYNLGELKGFKDTY	NTX487637	0.0	1
LATKIIPSLFR	NTX134676	0.0017064846	12
LATKIIPSLFRR	NTX134676	0.009661836	4
LAVPHDVYPGYGITK	NTX13418	0.0	1
LAYPGTLCNKCM	NTX333875;NTX333876;NTX445670	0.0;0.0;0.0	3
LDEDDEAILKKLAIEE	NTX574605	0.0	4
LDEDDEAILKKLAIEELKNE	NTX574605	0.0	15
LDEIDKSGFGGFH	NTX334743;NTX334744;NTX334745	0.0;0.0;0.0	36
LECPTLYQR	NTX592223	0.0	3
LEEYTELFNDPLKEKEY	NTX334555;NTX334556	0.0;0.0	6
LEFPNKGDKCEV	NTX413483;NTX413485	0.0017064846;0.0017064846	4
LEPAGDVIADDFTIVHGDNGEKD	NTX91255;NTX91256	0.0;0.0	2
LEPAGDVIADDFTIVHGDNGEKDHT	NTX91255;NTX91256	0.0;0.0	6
LEPAGDVIADDFTIVHGDNGEKDHTF	NTX91255;NTX91256	0.0;0.0	2
LEPAGDVISDKF	NTX135011	0.0	1
LFENNHVLPK	NTX385699	0.0	3
LFKAVANDIEELSK	NTX56407	0.008143323	2
LFKLATKIIPSLF	NTX134676	0.0	4
LFKLATKIIPSLFR	NTX134676	0.0	20
LFLNKNDNQPIKE	NTX315967;NTX315968	0.0;0.0	10
LFNDPLKEKEY	NTX334555;NTX334556	0.0050167223;0.0050167223	4
LFYHVCRCY	NTX359850	0.0017064846	7
LGEHKLNDDNDGARPVDY	NTX317140;NTX317142	0.0;0.0	2
LGISCKNGYCQGCT	NTX371729;NTX371731;NTX371733;NTX483383	0.0;0.0;0.0;0.0	4
LGKRPDQRFAF	NTX496322	0.0	2
LGPILDSNKEFYFIHQAVPHA	NTX523065;NTX523066	0.0;0.0	2
LGQIFEDFYHLQH	NTX546099;NTX546100	0.0;0.0	2
LISKEEFIKMT	NTX56407	0.0	13
LITDRHVITAAHC	NTX361043;NTX584753;NTX584754	0.0;0.0;0.0	9
LITDRHVLTAAHC	NTX142744	0.0	3
LKDDDEYYLLEIDGKKGF	NTX51254	0.0017064846	1
LKDDMTDFNSWNDK	NTX428770;NTX428772;NTX428775	0.0;0.0;0.0	3
LKDDMTDFNSWNDKFRP	NTX428770;NTX428772;NTX428775	0.0;0.0;0.0	66
LLDDDLKEELEEN	NTX201404;NTX310969;NTX91175	0.0;0.0;0.0	30
LLEFPNKGDKC	NTX413483;NTX413485	0.0;0.0	10
LLEFPNKGDKCE	NTX413483;NTX413485	0.0;0.0	14
LLEFPNKGDKCEV	NTX413483;NTX413485	0.0;0.0	20
LLEFPNKGDKCEVK	NTX413483;NTX413485	0.0;0.0	2
LLGCDHDGEKGSLDCSARDGY	NTX177486	0.0	2
LLLPGELAKHAVSEGTKAVTKY	NTX336196;NTX336206;NTX448011;NTX464600;NTX584434	0.0017064846;0.0017064846;0.0017064846;0.0017064846;0.0017064846	10
LLLPGELAKHAVSEGTKAVTKYTSSK	NTX336196;NTX336206;NTX448011;NTX464600;NTX584434	0.0;0.0;0.0;0.0;0.0	80
LLPGELAKHAVSEGTKAVTKYTSSK	NTX336196;NTX336206;NTX448011;NTX464600;NTX584434	0.0;0.0;0.0;0.0;0.0	10
LNEQETYAADITPPHPQKHPYWY	NTX28979	0.0	3
LNIPYFPKTISS	NTX584753;NTX584754	0.0;0.0	24
LNKRPDQRFSF	NTX496322	0.0017064846	6
LNNPDRKAFQLPSHLD	NTX56407	0.0	1
LNNPDRKAFQLPSHLDI	NTX56407	0.0	3
LNPYCNDLCTKN	NTX83905	0.0	1
LPDDKCVKIEY	NTX287294;NTX67369;NTX67370;NTX67371	0.0;0.0;0.0;0.0	12
LRNDIVEEPFK	NTX496567;NTX496574;NTX496575;NTX496576	0.0017064846;0.0017064846;0.0017064846;0.0017064846	8
LSDDKCVKIEY	NTX494486;NTX494487;NTX494488;NTX494489	0.0;0.0;0.0;0.0	32
LSISPPRLYPR	NTX597930	0.0	1
LSLMKDVNNLTYLIK	NTX134688;NTX134689;NTX244706	0.0;0.0;0.0	6
LSPAVLASLTGLEKQ	NTX581382	0.0	3
LSSGKGYYCKEDPGP	NTX366384	0.0	2
LSTFQQMWISKQEYDESGPSIVHRKCF	NTX258811;NTX480808;NTX480845	0.0;0.0;0.0	9
LTDKESQWPGRWH	NTX430388	0.0	1
LVKYAVPEGTLR	NTX444153	0.0	4
LVKYAVPEGTLRT	NTX444153	0.0	3
LVKYAVPEGTLRTIIQ	NTX444153	0.0	3
LVVDNGSGMCKAGFAGDDAPR	NTX148639;NTX148652;NTX148683;NTX148684;NTX592806;NTX592809;NTX592810;NTX592811;NTX592814	0.0017064846;0.0017064846;0.0017064846;0.0017064846;0.0017064846;0.0017064846;0.0017064846;0.0017064846;0.0017064846	9
LWGNDFCDKVCKKSGG	NTX41956;NTX41958	0.0;0.0	2
LWGNDFCDKVCKKSGGS	NTX41956;NTX41958	0.0;0.0	4
LWGNEGCNKECKGFG	NTX41959;NTX41960	0.0;0.0	2
LWGNEGCNKECKGFGA	NTX41959;NTX41960	0.0;0.0	4
LWGNEGCNKECRA	NTX41957	0.0	3
LWGNEGCNKECRAY	NTX41957	0.0	2
LWGNEGCNKECRAYGA	NTX41957	0.0	2
LWGNEGCNKECRAYGAS	NTX41957	0.0	4
LYPRKFYVER	NTX496567;NTX496574;NTX496575;NTX496576	0.0;0.0;0.0;0.0	4
MDATANELEHTKI	NTX235909;NTX235910;NTX235912;NTX235914;NTX235916	0.0;0.0;0.0;0.0;0.0	5
MDATANELEHTKINSFPTIKL	NTX235912;NTX235914;NTX235916	0.0;0.0;0.0	3
MDATANELEHTKINSFPTIKLY	NTX235912;NTX235914;NTX235916	0.0;0.0;0.0	6
MDVVYALKRQGR	NTX132749;NTX132751;NTX132752;NTX652442;NTX653517	0.0017064846;0.0017064846;0.0017064846;0.0017064846;0.0017064846	5
MGYAPYDYREEGH	NTX112170	0.0	4
MGYAPYDYREEGHLT	NTX112170	0.0	10
MKDVNNLTYLIK	NTX134688;NTX134689;NTX244706	0.0;0.0;0.0	6
MLEKSDEDLEKRW	NTX249702;NTX249703	0.0;0.0	2
MSEHIFKETDKNNDY	NTX56407	0.0	10
MVGMGQKDSYVGDEAQSK	NTX148639;NTX186568;NTX24145;NTX480816;NTX480817;NTX592806;NTX592809;NTX592811;NTX592814	0.0;0.0;0.0;0.0;0.0;0.0;0.0;0.0;0.0	27
NACWCIDLPDKVPIR	NTX602037;NTX602038	0.0;0.0	2
NANGVDKKYDDYGHM	NTX416169	0.0	4
NDDIEEPFIK	NTX384939;NTX384947;NTX496574;NTX496576	0.0;0.0;0.0;0.0	68
NDDIEEPFIKK	NTX384939;NTX384947;NTX496574;NTX496576	0.0;0.0;0.0;0.0	184
NDDIEEPFIKKN	NTX384939	0.0	11
NDDIEEPFIKKNA	NTX384939	0.0	14
NDDIEEPFIKKNAY	NTX384939	0.0	18
NDDIEEPFIKKNAYVTG	NTX384939	0.0	20
NDDIEEPFIKKS	NTX384939;NTX384947;NTX496574;NTX496576	0.0;0.0;0.0;0.0	116
NDDIEEPFIKKSA	NTX384939;NTX384947;NTX496574;NTX496576	0.0;0.0;0.0;0.0	120
NDDIEEPFIKKSAY	NTX384939;NTX384947;NTX496574;NTX496576	0.0;0.0;0.0;0.0	92
NDDIEEPFIKKSAYVT	NTX384939;NTX384947;NTX496574;NTX496576	0.0;0.0;0.0;0.0	8
NDDIEEPFIKKSAYVTGGR	NTX384939;NTX384947;NTX496574;NTX496576	0.0;0.0;0.0;0.0	4
NDDIEEPFIKKSAYVTGGRS	NTX384939;NTX384947;NTX496574;NTX496576	0.0;0.0;0.0;0.0	436
NDDIEEPFIKKT	NTX384947;NTX496574;NTX496576	0.0;0.0;0.0	112
NDDIEEPFIKKTA	NTX384947;NTX496574;NTX496576	0.0;0.0;0.0	96
NDDIEEPFIKKTAN	NTX496574;NTX496576	0.0;0.0	12
NDDIEEPFIKKTANVTGGRS	NTX496574;NTX496576	0.0;0.0	32
NDDIEEPFIKKTAY	NTX384947;NTX496574	0.0;0.0	56
NDDIEEPFIKKTAYV	NTX384947;NTX496574	0.0;0.0	38
NDDIEEPFIKKTAYVTGGRS	NTX384947;NTX496574	0.0;0.0	404
NDDVINYIRE	NTX361043;NTX584753;NTX584754	0.0;0.0;0.0	3
NDDVINYIREIE	NTX361043;NTX584753;NTX584754	0.0;0.0;0.0	9
NDIVEEPFK	NTX496567;NTX496574;NTX496575;NTX496576	0.0017064846;0.0017064846;0.0017064846;0.0017064846	36
NDIVEEPFKK	NTX496567;NTX496574;NTX496575;NTX496576	0.0;0.0;0.0;0.0	12
NDIVEEPFKKKTA	NTX496567;NTX496574;NTX496575;NTX496576	0.0;0.0;0.0;0.0	12
NDIVEEPFKKKTAY	NTX496567;NTX496574;NTX496575;NTX496576	0.0;0.0;0.0;0.0	48
NDIVEEPFKKKTAYVTGGRS	NTX496567;NTX496574;NTX496575;NTX496576	0.0;0.0;0.0;0.0	28
NELRVAPEEHPVLLTEAPLNPKANREK	NTX173892;NTX173893;NTX186568;NTX369134;NTX480816;NTX480817	0.0;0.0;0.0;0.0;0.0;0.0	12
NEYCNDLCTKNGA	NTX49728;NTX49729	0.0;0.0	8
NEYCNDLCTKNGAKSGYCQ	NTX49728;NTX49729	0.0;0.0	10
NGCWCIELPDNVPIRVPGKCH	NTX49728;NTX49729	0.0;0.0	6
NGVDKKYDDYGHM	NTX416169	0.0	6
NIMSFCDRED	NTX359850;NTX583552	0.0017064846;0.0017064846	6
NSIMKCDVDIRKDLYA	NTX38478;NTX480808	0.0;0.0	2
NSIMKCDVDIRKDLYAN	NTX38478;NTX480808	0.0;0.0	2
PASAAGAGRFDPTLEAGAGR	NTX42998;NTX43000;NTX43001;NTX591828;NTX591830	0.0;0.0;0.0;0.0;0.0	10
PASAAGAGRFDPVSAAGAGR	NTX591829;NTX591831;NTX591832	0.0;0.0;0.0	9
PFCFLSCCFVWPALR	NTX223142;NTX223150;NTX223155;NTX223165;NTX223169;NTX223175	0.0;0.0;0.0;0.0;0.0;0.0	6
PTLEAGAGRFNPALEAGAGR	NTX374063;NTX374064;NTX374066;NTX374071;NTX479826;NTX591828;NTX591829;NTX591830;NTX591831;NTX591832	0.0;0.0;0.0;0.0;0.0;0.0;0.0;0.0;0.0;0.0	20
PVSAAGAGRFDPTLEAGAGR	NTX591829;NTX591831;NTX591832	0.0;0.0;0.0	6
PVSAAGAGRFDPVLEAGAGR	NTX374058;NTX374062;NTX374063;NTX374064;NTX374065;NTX374066;NTX374067;NTX374069;NTX374070;NTX374073;NTX479827;NTX485699;NTX591828;NTX591829;NTX591832;NTX597762	0.0;0.0;0.0;0.0;0.0;0.0;0.0;0.0;0.0;0.0;0.0;0.0;0.0;0.0;0.0;0.0	16
PVSAAGAGRFEAGAGR	NTX374059;NTX374061;NTX374065;NTX374073;NTX485683;NTX485687;NTX485689;NTX485691;NTX485692;NTX485694;NTX485700;NTX597768	0.0;0.0;0.0;0.0;0.0;0.0;0.0;0.0;0.0;0.0;0.0;0.0	24
QELDEIDKSGFGGF	NTX334743;NTX334744;NTX334745	0.0;0.0;0.0	6
QELDEIDKSGFGGFH	NTX334743;NTX334744;NTX334745	0.0;0.0;0.0	3
QPPPAPVYPRQF	NTX462752	0.0050167223	4
QSIYPLHDVYVRKVK	NTX227449;NTX427843	0.0;0.0	2
RDNIQGITKPAIR	NTX132748;NTX132749;NTX132751;NTX132752;NTX652442;NTX653516;NTX653517	0.0;0.0;0.0;0.0;0.0;0.0;0.0	14
RDNIQGITKPAIRRLA	NTX132748;NTX132749;NTX132751;NTX132752;NTX652442;NTX653516;NTX653517	0.0;0.0;0.0;0.0;0.0;0.0;0.0	56
RKMKDTDSEEEIREAF	NTX248037	0.0	4
RLLLPGELAKHAV	NTX336196;NTX336206;NTX448011;NTX464600;NTX584434	0.0;0.0;0.0;0.0;0.0	5
RLNIPYFPKT	NTX584753;NTX584754	0.0;0.0	2
RLNIPYFPKTISS	NTX584753;NTX584754	0.0;0.0	22
RTQEKEQIKTLNNRFAS	NTX577282	0.008143323	1
RVAPEEHPVLLTEAPLNPK	NTX173892;NTX173893;NTX186568;NTX369134;NTX480816;NTX480817	0.0;0.0;0.0;0.0;0.0;0.0	30
RVAPEEHPVLLTEAPLNPKAN	NTX173892;NTX173893;NTX186568;NTX369134;NTX480816;NTX480817	0.0;0.0;0.0;0.0;0.0;0.0	48
RVAPEEHPVLLTEAPLNPKANR	NTX173892;NTX173893;NTX186568;NTX369134;NTX480816;NTX480817	0.0;0.0;0.0;0.0;0.0;0.0	6
RVAPEEHPVLLTEAPLNPKANRE	NTX173892;NTX173893;NTX186568;NTX369134;NTX480816;NTX480817	0.0;0.0;0.0;0.0;0.0;0.0	18
RVAPEEHPVLLTEAPLNPKANREKM	NTX173892;NTX173893;NTX186568;NTX369134;NTX480816;NTX480817	0.0;0.0;0.0;0.0;0.0;0.0	12
RVTIMPKDIQLAR	NTX213988;NTX412398;NTX412401;NTX448016;NTX448019	0.0;0.0;0.0;0.0;0.0	10
RYQKSTELLIR	NTX213988;NTX412398;NTX412401;NTX448016;NTX448019;NTX658946	0.0;0.0;0.0;0.0;0.0;0.0	18
RYQKSTELLIRKLPFQ	NTX213988;NTX412398;NTX412401;NTX448016;NTX448019;NTX658946	0.0;0.0;0.0;0.0;0.0;0.0	36
SADCRPRIFN	NTX361043;NTX472849;NTX584754	0.0;0.0;0.0	6
SAELNNLDIWNEDRKIS	NTX644816;NTX644819	0.0;0.0	8
SCVLNLPGMDCEYGDITGSGKDQD	NTX428770;NTX428772;NTX428775	0.0;0.0;0.0	3
SCVLNLPGMDCEYGDITGSGKDQDY	NTX428770;NTX428772;NTX428775	0.0;0.0;0.0	9
SCVLNLPGMDCEYGDITGSGKDQDYWSSGRTP	NTX428770;NTX428772;NTX428775	0.0;0.0;0.0	6
SDDSFTDDLNKRPD	NTX496322	0.0	1
SDDSFTDDLNKRPDQ	NTX496322	0.0	2
SDDSFTDDLNKRPDQRF	NTX496322	0.0	11
SDDSFTDDLNKRPDQRFS	NTX496322	0.0	2
SDDSFTDDLNKRPDQRFSF	NTX496322	0.0	34
SDDSFTDDLNKRPDQRFSFG	NTX496322	0.0	1
SDDSFTDDLNKRPDQRFSFGLG	NTX496322	0.0	4
SDDSFTDDLNKRPDQRFSFGLGKRPDQ	NTX496322	0.0	3
SDKFPFENEFPK	NTX98053;NTX98054	0.0;0.0	58
SDKFPFENEFPKF	NTX98053;NTX98054	0.0;0.0	20
SDKFPFENEFPKFFYSDLH	NTX98053;NTX98054	0.0;0.0	4
SDNPSPVEDIEGEGKVDD	NTX583217	0.0	2
SDSVYVIDKIIRP	NTX135011	0.0	6
SDSVYVIDKIIRPV	NTX135011	0.0	1
SDSVYVIDKIIRPVL	NTX135011	0.0	1
SDSVYVIDKIIRPVLKDD	NTX135011	0.0	3
SDSVYVIDKIIRPVLKDDL	NTX135011	0.0	4
SDSVYVIDKIIRPVLKDDLKE	NTX135011	0.0	6
SEMESSIRDILT	NTX428770;NTX428772;NTX428775	0.0017064846;0.0017064846;0.0017064846	9
SFGLGKRPDQRF	NTX496322	0.0	2
SFGLGKRPDQRFAF	NTX496322	0.0017064846	4
SFTDDLNKRPDQRFSF	NTX496322	0.0017064846	3
SFVPSSKKESPFAY	NTX224662;NTX3995	0.0;0.0	4
SGGSYGYCWTWGLACWCEGLPDDKT	NTX41956	0.009661836	2
SGIDGVCEGDSGGPLVVR	NTX260492;NTX260493	0.0;0.0	4
SGIDGVCEGDSGGPLVVRRGTEY	NTX260492;NTX260493	0.0;0.0	2
SGVGSETNDFGNGGTTTYYSDGSGTHT	NTX378014	0.0	1
SIMKCDVDIRKDLYAN	NTX38478;NTX480808;NTX480817	0.0;0.0;0.0	9
SIPIEIRNKIED	NTX224662;NTX3995	0.0;0.0	2
SKQEYDESGPSIVH	NTX258811;NTX480808;NTX480845	0.0;0.0;0.0	9
SMDGDMEDYMK	NTX163968;NTX163969	0.0;0.0	4
SMDGDMEDYMKR	NTX163968;NTX163969	0.0;0.0	6
SMDGDMEDYMKRR	NTX163968;NTX163969	0.0;0.0	2
SMDGDMEDYMKRRFS	NTX163968;NTX163969	0.0;0.0	4
SMDGDMEDYMKRRFSF	NTX163969	0.0	7
SMFDDGYPVKNGCRIS	NTX249700	0.0	3
SMRDMDTMKY	NTX372159	0.0	2
SPLSKELRQKYNVR	NTX212167;NTX522813	0.0;0.0	4
SPLSKELRQKYNVRS	NTX212167;NTX522813	0.0;0.0	2
SQFKDEFVFCFIQSHA	NTX660903	0.0	5
SRNDDIEEPFIK	NTX384939;NTX384947;NTX496574;NTX496576	0.0;0.0;0.0;0.0	36
SRNDDIEEPFIKK	NTX384939;NTX384947;NTX496574;NTX496576	0.0017064846;0.0017064846;0.0017064846;0.0017064846	24
SRNDDIEEPFIKKNAY	NTX384939	0.0	2
SRNDDIEEPFIKKSAY	NTX384939;NTX384947;NTX496574;NTX496576	0.0;0.0;0.0;0.0	16
SRNDDIEEPFIKKT	NTX384947;NTX496574;NTX496576	0.0017064846;0.0017064846;0.0017064846	28
SRNDDIEEPFIKKTA	NTX384947;NTX496574;NTX496576	0.0;0.0;0.0	36
SRNDDIEEPFIKKTAY	NTX384947;NTX496574	0.0;0.0	16
SRNDDIEEPFIKKTAYVTGGRS	NTX384947;NTX496574	0.0;0.0	6
SSEINSLDIPNEDRKIS	NTX644817;NTX644818	0.0;0.0	8
SSSSLEKSYELPDGQVITIGNERFR	NTX24145;NTX244697;NTX480808;NTX592828;NTX592829	0.0;0.0;0.0;0.0;0.0	30
STELLIRKLPFQRL	NTX213988;NTX412398;NTX412401;NTX448016;NTX448019;NTX658946	0.0050167223;0.0050167223;0.0050167223;0.0050167223;0.0050167223;0.0050167223	18
STELLIRKLPFQRLV	NTX213988;NTX412398;NTX412401;NTX448016;NTX448019;NTX658946	0.0017064846;0.0017064846;0.0017064846;0.0017064846;0.0017064846;0.0017064846	42
STELLIRKLPFQRLVRE	NTX213988;NTX412398;NTX412401;NTX448016;NTX448019;NTX658946	0.0;0.0;0.0;0.0;0.0;0.0	30
STFQQMWISKQEYDESGPSIVHRKCF	NTX258811;NTX480808;NTX480845	0.0;0.0;0.0	3
SVLDDLNNQLDNLH	NTX428770;NTX428772;NTX428775	0.0;0.0;0.0	36
SVLDDLNNQLDNLHK	NTX428770;NTX428772;NTX428775	0.0;0.0;0.0	6
SVTDDNELIPR	NTX334429;NTX334430	0.0;0.0	2
SYCSLGIGNSEEC	NTX428770;NTX428772;NTX428775	0.0;0.0;0.0	9
SYCSLGIGNSEECLTKQ	NTX428770;NTX428772;NTX428775	0.0;0.0;0.0	15
SYCSLGIGNSEECLTKQL	NTX428770;NTX428772;NTX428775	0.0;0.0;0.0	6
TDDLNKRPDQRF	NTX496322	0.0017064846	1
TDDLNKRPDQRFSF	NTX496322	0.0	9
TDEELAEYEKM	NTX56407	0.0	1
TDEELAEYEKMI	NTX56407	0.0	2
TDEELAEYEKMIAQ	NTX56407	0.0	6
TDEELAEYEKMIAQK	NTX56407	0.0	3
TDMAMCGATLITDRH	NTX361043;NTX584753;NTX584754	0.0;0.0;0.0	18
TDMAMCGATLITDRHVITA	NTX361043;NTX584753;NTX584754	0.0;0.0;0.0	3
TDMAMCGATLITDRHVITAAHC	NTX361043;NTX584753;NTX584754	0.0;0.0;0.0	3
TDMAMCGATLITDRHVITAAHCLYGKGS	NTX361043;NTX584753;NTX584754	0.0;0.0;0.0	6
TELFNDPLKEKEY	NTX334555;NTX334556	0.0;0.0	4
TELLIRKLPFQRL	NTX213988;NTX412398;NTX412401;NTX448016;NTX448019;NTX658946	0.0;0.0;0.0;0.0;0.0;0.0	24
TELLIRKLPFQRLV	NTX213988;NTX412398;NTX412401;NTX448016;NTX448019;NTX658946	0.0;0.0;0.0;0.0;0.0;0.0	54
TELLIRKLPFQRLVRE	NTX213988;NTX412398;NTX412401;NTX448016;NTX448019;NTX658946	0.0;0.0;0.0;0.0;0.0;0.0	30
TMKIKIIAPPERKY	NTX102642;NTX24145;NTX244697;NTX38477;NTX38478;NTX480808;NTX480845;NTX506496	0.0017064846;0.0017064846;0.0017064846;0.0017064846;0.0017064846;0.0017064846;0.0017064846;0.0017064846	48
TPFEVRCATDAD	NTX416183	0.0	10
TPYPVNCKTDRD	NTX371729;NTX371731;NTX371733;NTX483383	0.0;0.0;0.0;0.0	20
TPYPVNCKTDRDCVM	NTX371729;NTX371731;NTX371733;NTX483383	0.0;0.0;0.0;0.0	20
TPYPVNCKTDRDCVMCGLGISCKNGYCQGCT	NTX371729;NTX371731;NTX371733;NTX483383	0.0;0.0;0.0;0.0	96
TQEKEQIKTLNNRF	NTX577282	0.0	1
TQEKEQIKTLNNRFA	NTX577282	0.0	2
TQEKEQIKTLNNRFAS	NTX577282	0.0	1
TQTDGCGPCFTTDANMAR	NTX312243	0.0	2
TVNIYPSPKPEIL	NTX51254	0.0	1
TVRTQEKEQIKTLNNRFA	NTX577282	0.008143323	1
TYINVSSLPGVNPPKPF	NTX271896	0.0017064846	1
VDVPITSTEECQ	NTX361043;NTX584753;NTX584754	0.0;0.0;0.0	3
VDVPITSTEECQKE	NTX361043;NTX584753;NTX584754	0.0;0.0;0.0	12
VDVPITSTEECQKELVHT	NTX361043;NTX584753;NTX584754	0.0;0.0;0.0	18
VEAILTPEVNKVYE	NTX56407	0.0	4
VEDFKNKYEDEINK	NTX283712;NTX465514;NTX577282	0.0;0.0;0.0	6
VEDFPGKLDEDDEAILKKLAIEELKNE	NTX574605	0.0	6
VEIIANDQGNRITPS	NTX94322;NTX94323	0.0;0.0	2
VFDETADKLTKEFPEPGKL	NTX629813	0.0050167223	1
VGMGQKDSYVGDEAQSK	NTX148639;NTX186568;NTX24145;NTX480816;NTX480817;NTX592806;NTX592809;NTX592811;NTX592814	0.0;0.0;0.0;0.0;0.0;0.0;0.0;0.0;0.0	9
VIEKWCEDHC	NTX372384;NTX484016;NTX484018	0.0;0.0;0.0	6
VIEKWCEDHCA	NTX372384;NTX484016;NTX484018	0.0;0.0;0.0	3
VIEKWCEDHCAA	NTX372384;NTX484016;NTX484018	0.0;0.0;0.0	18
VIHPTIHTLDGRE	NTX224320;NTX3648;NTX3649	0.0;0.0;0.0	3
VINNESCNSECKI	NTX434966;NTX434967	0.0;0.0	2
VINNESCNSECKIRGGY	NTX434966;NTX434967	0.0;0.0	6
VITAAHCLYGKGS	NTX361043;NTX584753;NTX584754	0.0;0.0;0.0	6
VIWAEQQVVKPR	NTX487637	0.0	4
VIWAEQQVVKPRV	NTX487637	0.0	5
VLQYLPIYNTKFKQD	NTX468692	0.0	1
VMVGMGQKDSYVGDEAQSKR	NTX148639;NTX186568;NTX24145;NTX480816;NTX480817;NTX592806;NTX592809;NTX592811;NTX592814	0.0;0.0;0.0;0.0;0.0;0.0;0.0;0.0;0.0	9
VMVGMGQKDSYVGDEAQSKRG	NTX148639;NTX186568;NTX24145;NTX480816;NTX480817;NTX592806;NTX592809;NTX592811;NTX592814	0.0;0.0;0.0;0.0;0.0;0.0;0.0;0.0;0.0	9
VNYYCRPDFGP	NTX627879	0.0	1
VRDAYIAKPHN	NTX423614;NTX535299;NTX83902	0.009661836;0.009661836;0.009661836	3
VVGGSDADKNAFRY	NTX361043;NTX584753;NTX584754	0.0;0.0;0.0	30
VVGGSDADKNAFRYA	NTX361043;NTX584753;NTX584754	0.0;0.0;0.0	12
VVGGSDADKNAFRYAS	NTX361043;NTX584753;NTX584754	0.0;0.0;0.0	9
VVGGSDADKNAFRYASA	NTX361043;NTX584753;NTX584754	0.0;0.0;0.0	36
VVGGSDADKNAFRYASAV	NTX361043;NTX584753;NTX584754	0.0;0.0;0.0	6
VVGGSDADKNAFRYASAVIS	NTX361043;NTX584753;NTX584754	0.0;0.0;0.0	9
VVGGSDADKNAFRYASAVISKSNL	NTX361043;NTX584753;NTX584754	0.0;0.0;0.0	9
VWEEEDELPK	NTX56407	0.0	2
WCEGLPDDKT	NTX41956;NTX41957;NTX41959	0.0;0.0;0.0	45
WCEGLPDDKTW	NTX41956;NTX41957;NTX41959	0.0;0.0;0.0	3
WCEGLPDDKTWKS	NTX41956;NTX41957;NTX41959	0.0;0.0;0.0	18
WCEGLPDDKTWKSE	NTX41956;NTX41957;NTX41959	0.0;0.0;0.0	9
WCEGLPDDKTWKSESN	NTX41956;NTX41957;NTX41959	0.0;0.0;0.0	12
WCIELPDNVPIRVPGKCH	NTX49728;NTX49729	0.0017064846;0.0017064846	4
WGLACWCEGLPDDKT	NTX41956;NTX41957;NTX41959	0.0;0.0;0.0	6
WGNEGCNKECKGFGA	NTX41959;NTX41960	0.0;0.0	2
WIPSDYGGHM	NTX14137	0.0	4
WIPSDYGGHMN	NTX14137	0.0	4
WISKQEYDESGPSIVHRKCF	NTX258811;NTX480808;NTX480845	0.0017064846;0.0017064846;0.0017064846	3
WKLACFCQGA	NTX323335	0.008143323	3
WLDKWDGDSKRM	NTX249702;NTX249703	0.0;0.0	2
WNTITEYDNRPFCITDMDFSNIKD	NTX361043;NTX584753;NTX584754	0.0;0.0;0.0	6
WVPTWSRATNKCRA	NTX512262	0.0	1
YACPVIEKWCEDHC	NTX372384;NTX484016;NTX484018	0.0;0.0;0.0	9
YACPVIEKWCEDHCAA	NTX372384;NTX484016;NTX484018	0.0;0.0;0.0	27
YADPAKNDDVEIVDHNFFRF	NTX144303;NTX144307;NTX144311	0.0;0.0;0.0	15
YAPYDYREEGH	NTX112170	0.0	2
YAPYDYREEGHLT	NTX112170	0.008143323	3
YASAVISKSNL	NTX361043;NTX584753;NTX584754	0.008143323;0.008143323;0.008143323	3
YAVPEGTLRT	NTX444153	0.0017064846	2
YCRPDFGP	NTX627879	0.0	5
YDNRPFCITDMDFSNIKD	NTX361043;NTX584753;NTX584754	0.0;0.0;0.0	6
YEPLTYNHEIVHQ	NTX136251	0.0017064846	1
YEQNLAEKFERPQIT	NTX352134	0.0	2
YGNGCWCIELPDNVPIRVPGKCH	NTX49728;NTX49729	0.0;0.0	18
YLPIYNTKFKQD	NTX468692	0.0	1
YNIEREEELKE	NTX201404;NTX310969;NTX91175	0.0;0.0;0.0	9
YPSNCREEPGTGLYPDCCNKVVCG	NTX83486;NTX83487	0.0017064846;0.0017064846	4
YPSNCREEPGTGLYPDCCNKVVCGE	NTX83486;NTX83487	0.006677796;0.006677796	6
YPSNCREEPGTGLYPDCCNKVVCGEE	NTX83486;NTX83487	0.0;0.0	6
YPSNCREEPGTGLYPDCCNKVVCGEEE	NTX83486;NTX83487	0.0;0.0	8
YPVNCKTDRDCVMCGLGISCKNGYCQGCT	NTX371729;NTX371731;NTX371733;NTX483383	0.0;0.0;0.0;0.0	24
YSPVIDYDKLKNERPEF	NTX558144;NTX558145;NTX558147	0.0;0.0;0.0	3
YTELFNDPLKEKEYAENL	NTX334555;NTX334556	0.0;0.0	4
YYCRPDFGP	NTX627879	0.0	3
